{"0": {"0": {"precision": 0.4961089494163424, "recall": 0.4497354497354497, "f1-score": 0.4717853839037927, "support": 567}, "1": {"precision": 0.4967741935483871, "recall": 0.5432098765432098, "f1-score": 0.518955349620893, "support": 567}, "accuracy": 0.4964726631393298, "macro avg": {"precision": 0.4964415714823648, "recall": 0.4964726631393298, "f1-score": 0.4953703667623428, "support": 1134}, "weighted avg": {"precision": 0.49644157148236473, "recall": 0.4964726631393298, "f1-score": 0.4953703667623428, "support": 1134}, "confusion_matrix": "[[255 312]\n [259 308]]"}, "1": {"0": {"precision": 0.500441306266549, "recall": 1.0, "f1-score": 0.6670588235294118, "support": 567}, "1": {"precision": 0.0, "recall": 0.0, "f1-score": 0.0, "support": 566}, "accuracy": 0.500441306266549, "macro avg": {"precision": 0.2502206531332745, "recall": 0.5, "f1-score": 0.3335294117647059, "support": 1133}, "weighted avg": {"precision": 0.2504415010177699, "recall": 0.500441306266549, "f1-score": 0.3338237890036862, "support": 1133}, "confusion_matrix": "[[567   0]\n [566   0]]"}, "2": {"0": {"precision": 0.499558693733451, "recall": 1.0, "f1-score": 0.6662742789876398, "support": 566}, "1": {"precision": 0.0, "recall": 0.0, "f1-score": 0.0, "support": 567}, "accuracy": 0.499558693733451, "macro avg": {"precision": 0.2497793468667255, "recall": 0.5, "f1-score": 0.3331371394938199, "support": 1133}, "weighted avg": {"precision": 0.24955888848467192, "recall": 0.499558693733451, "f1-score": 0.33284310847926224, "support": 1133}, "confusion_matrix": "[[566   0]\n [567   0]]"}}