{"0": {"0": {"precision": 0.5298088907353552, "recall": 1.0, "f1-score": 0.6926471586665761, "support": 51010}, "1": {"precision": 0.0, "recall": 0.0, "f1-score": 0.0, "support": 45270}, "accuracy": 0.5298088907353552, "macro avg": {"precision": 0.2649044453676776, "recall": 0.5, "f1-score": 0.34632357933328806, "support": 96280}, "weighted avg": {"precision": 0.28069746070222756, "recall": 0.5298088907353552, "f1-score": 0.3669706228041342, "support": 96280}, "confusion_matrix": "[[51010     0]\n [45270     0]]"}, "1": {"0": {"precision": 0.5248584015103839, "recall": 0.8174867673005293, "f1-score": 0.6392764065613982, "support": 51010}, "1": {"precision": 0.44682115270350564, "recall": 0.16611442456372874, "f1-score": 0.24219001610305962, "support": 45270}, "accuracy": 0.5112172829248026, "macro avg": {"precision": 0.48583977710694476, "recall": 0.491800595932129, "f1-score": 0.44073321133222887, "support": 96280}, "weighted avg": {"precision": 0.48816598092991675, "recall": 0.5112172829248026, "f1-score": 0.4525699161578981, "support": 96280}, "confusion_matrix": "[[41700  9310]\n [37750  7520]]"}}